pecha id,language,url
P54414742,en,https://github.com/OpenPecha/P54414742
PEEE5BD6A,de,https://github.com/OpenPecha/PEEE5BD6A
P8BD3CFC3,es,https://github.com/OpenPecha/P8BD3CFC3
P749AFB47,fr,https://github.com/OpenPecha/P749AFB47
PD0DA1DAC,it,https://github.com/OpenPecha/PD0DA1DAC
P8F99DCD7,nl,https://github.com/OpenPecha/P8F99DCD7
P108A4978,pt,https://github.com/OpenPecha/P108A4978
PBF204844,zh,https://github.com/OpenPecha/PBF204844
PD644A1CA,bo,https://github.com/OpenPecha/PD644A1CA
